{"elapsed_time": {"unit": "millisecond", "batch_sizes": [1, 2, 3, 4, 5, 6, 7, 8, 9, 10, 11, 12, 13, 14, 15, 16, 17, 18, 19, 20, 21, 22, 23, 24, 25, 26, 27, 28, 29, 30, 31, 32, 33, 34, 35, 36, 37, 38, 39, 40, 41, 42, 43, 44, 45, 46, 47, 48, 49, 50, 51, 52, 53, 54, 55, 56, 57, 58, 59, 60, 61, 62, 63, 64, 65, 66, 67, 68, 69, 70, 71, 72, 73, 74, 75, 76, 77, 78, 79, 80, 81, 82, 83, 84, 85, 86, 87, 88, 89, 90, 91, 92, 93, 94, 95, 96, 97, 98, 99, 100, 101, 102, 103, 104, 105, 106, 107, 108, 109, 110, 111, 112, 113, 114, 115, 116, 117, 118, 119, 120, 121, 122, 123, 124, 125, 126, 127, 128, 129, 130, 131, 132, 133, 134, 135, 136, 137, 138, 139, 140, 141, 142, 143, 144, 145, 146, 147, 148, 149, 150, 151, 152, 153, 154, 155, 156, 157, 158, 159, 160, 161, 162, 163, 164, 165, 166, 167, 168, 169, 170, 171, 172, 173, 174, 175, 176, 177, 178, 179, 180, 181, 182, 183, 184, 185, 186, 187, 188, 189, 190, 191, 192, 193, 194, 195, 196, 197, 198, 199, 200, 201, 202, 203, 204, 205, 206, 207, 208, 209, 210, 211, 212, 213, 214, 215, 216, 217, 218, 219, 220, 221, 222, 223, 224, 225, 226, 227, 228, 229, 230, 231, 232, 233, 234, 235, 236, 237, 238, 239, 240, 241, 242, 243, 244, 245, 246, 247, 248, 249, 250, 251, 252, 253, 254, 255, 256], "forward": [13.2603805, 13.826873, 13.510981, 13.727014, 14.33152925, 13.2039595, 15.55557875, 15.555356, 15.82122625, 13.50551575, 14.08800125, 14.08145875, 14.50087775, 12.331597, 13.49486825, 13.71357375, 13.179684, 13.33022275, 13.14745825, 10.2841385, 11.6321305, 10.51698925, 10.288456, 9.6684085, 11.12542975, 10.87797525, 10.75856475, 11.60125275, 12.4771725, 12.49797625, 12.07819125, 12.07196225, 12.37951025, 13.41884225, 13.16217475, 12.88217275, 12.98632825, 13.369743, 12.90946175, 13.67274575, 13.12406875, 13.31206175, 13.54602675, 13.58970375, 13.593314, 14.31856325, 14.135914, 14.442231, 14.9606445, 13.3648275, 13.731938, 13.08583475, 14.95255225, 14.815998, 14.861882, 14.24272025, 14.5809715, 15.0683765, 15.128356, 15.5829585, 15.55452975, 15.568475, 14.20502875, 15.997442, 14.8304235, 16.755371, 16.1615975, 16.95259325, 16.61329225, 17.1954645, 16.4816065, 17.032875, 17.01916625, 17.0179115, 16.81700025, 15.92644025, 17.717981, 17.648195, 17.55458275, 17.01519275, 19.140991, 19.08347675, 19.9917615, 18.3785515, 20.19149125, 19.97334425, 18.536675, 20.13106025, 20.35274875, 20.2529975, 20.1001115, 20.696222, 20.79027625, 20.894478, 20.83366775, 19.413251, 21.439797, 21.8650065, 22.082469, 22.2395195, 22.21349075, 21.74466225, 21.36963775, 22.9108565, 21.00475325, 22.6334835, 22.70643125, 22.7788155, 21.469896, 22.661117, 21.5957185, 23.29171325, 21.512999, 21.1611, 21.892121, 22.12088275, 21.9493015, 22.2002225, 21.73607475, 22.17728825, 22.181398, 21.74732175, 21.99394, 21.140183, 22.45634925, 23.16999375, 22.84349925, 22.66267975, 23.837499, 23.771428, 24.682451, 24.3872705, 24.914846, 25.104015, 24.3617365, 25.22375, 25.091315, 24.71267325, 23.786658, 23.89542975, 25.372407, 25.592613, 25.25285875, 25.49898625, 25.8824275, 26.21516125, 26.2867225, 26.5773125, 26.61383725, 27.11482375, 26.90164575, 26.9699725, 27.131299, 27.27383525, 27.4242785, 25.7550205, 27.64762325, 27.56003225, 27.7055555, 27.70183325, 32.79076275, 33.34466575, 33.43216975, 33.63388225, 33.646128, 33.71135025, 32.03969225, 34.12782975, 34.2150745, 34.1527595, 34.4050995, 34.62330475, 32.9762035, 34.995953, 34.81679075, 33.1492665, 36.27427625, 36.751673, 36.737053, 34.92810425, 34.89100925, 35.53873225, 37.35596875, 37.00046375, 35.665404, 35.90899375, 37.77716825, 38.0325255, 36.11681, 38.28232975, 36.70987925, 39.5451255, 40.22298875, 40.16704275, 38.1672975, 40.42430875, 40.61375925, 38.545999, 40.73834275, 40.88095225, 38.959902, 39.1929745, 39.94297525, 41.5164435, 41.5243295, 41.76044, 41.3663675, 39.987295, 42.762853, 43.034547, 43.34284725, 41.15314125, 41.414155, 43.0814555, 41.51308475, 41.96495825, 43.925078, 44.2661215, 43.405554, 44.634057, 44.718247, 45.06387025, 45.1279225, 45.2639785, 46.48441575, 46.6232135, 46.75953725, 46.41547725, 47.110055, 47.198922, 47.42588025, 47.400192, 39.77506675, 39.86354325, 39.0972455, 40.10571225, 40.0886065, 40.368806, 40.41380525, 40.7728675, 41.0213475, 41.33982825, 41.63094275, 41.53605325, 41.66229575, 41.83157325, 41.99408, 42.18203275, 41.1366675, 42.525814, 42.9339045, 42.9711955, 42.88375925, 41.98684125, 43.20973975, 43.25809075], "loss_calculation": [0.21613025, 0.21624725, 0.22169475, 0.21998575, 0.228931, 0.231429, 0.2351995, 0.23675925, 0.2385865, 0.173382, 0.16958725, 0.1768345, 0.1790355, 0.1745375, 0.1775065, 0.186109, 0.1786095, 0.18474625, 0.182513, 0.1507385, 0.154712, 0.19844425, 0.194046, 0.191788, 0.152565, 0.2073405, 0.1883495, 0.17332575, 0.193066, 0.18313775, 0.1833845, 0.176351, 0.16982425, 0.16783575, 0.17429425, 0.17727975, 0.18686375, 0.1644465, 0.1676515, 0.189674, 0.20101475, 0.22511225, 0.209351, 0.19692675, 0.19055125, 0.2283445, 0.23218475, 0.225605, 0.245595, 0.235161, 0.248992, 0.1484665, 0.15077975, 0.26582975, 0.26001175, 0.288838, 0.28778, 0.2735785, 0.1548955, 0.1536595, 0.17932775, 0.188334, 0.160034, 0.1631375, 0.2669045, 0.2706455, 0.17376625, 0.1588135, 0.18353925, 0.161279, 0.1811195, 0.177184, 0.16319425, 0.1763545, 0.17680575, 0.172298, 0.181396, 0.19392075, 0.18339075, 0.18628525, 0.17194725, 0.17055775, 0.21069725, 0.185579, 0.19249175, 0.18643725, 0.1755445, 0.17256975, 0.210605, 0.19370475, 0.17901825, 0.175484, 0.17882925, 0.178484, 0.21891325, 0.179743, 0.2095285, 0.205896, 0.21769725, 0.20174325, 0.18742425, 0.2101865, 0.214302, 0.215524, 0.19532975, 0.22334975, 0.208337, 0.2268765, 0.21035875, 0.229547, 0.16252875, 0.16561525, 0.20436175, 0.20938725, 0.2285715, 0.19231875, 0.2137945, 0.19656625, 0.211239, 0.21502, 0.194784, 0.213436, 0.21232625, 0.2027125, 0.2012875, 0.1736015, 0.1856125, 0.1885555, 0.19686725, 0.20517575, 0.174175, 0.19731225, 0.1759815, 0.18562225, 0.20469, 0.17813525, 0.2203485, 0.2074435, 0.19008575, 0.1870715, 0.18457875, 0.19720375, 0.17792025, 0.204672, 0.20462275, 0.19496275, 0.22455775, 0.19117875, 0.21539175, 0.1893565, 0.202398, 0.19331675, 0.212197, 0.20367575, 0.21554825, 0.2033405, 0.2124395, 0.21546675, 0.206071, 0.22117825, 0.61316625, 0.60196175, 0.6024555, 0.59815475, 0.6061955, 0.60959875, 0.61348275, 0.60094875, 0.6028485, 0.603102, 0.61638925, 0.60593225, 0.605885, 0.6218545, 0.62572225, 0.60851775, 0.64810725, 0.64764975, 0.6552775, 0.65276675, 0.655531, 0.65493525, 0.6615325, 0.66499675, 0.6617105, 0.65044925, 0.66244825, 0.65342375, 0.64372075, 0.65148225, 0.6626585, 0.64945725, 0.676119, 0.68138375, 0.6804085, 0.6835485, 0.6802305, 0.67749975, 0.27672775, 0.25703825, 0.28623, 0.27706575, 0.283108, 0.28551925, 0.28419725, 0.29166, 0.24411975, 0.23958875, 0.2577595, 0.2425, 0.24289375, 0.25179475, 0.24156925, 0.25275775, 0.25792125, 0.25371675, 0.245115, 0.25381125, 0.260645, 0.25244425, 0.25771425, 0.2443095, 0.25366875, 0.2531015, 0.253548, 0.25551575, 0.2610695, 0.25451675, 0.27656275, 0.24971325, 0.261722, 0.26122275, 0.77617725, 0.76859975, 0.7839575, 0.79004675, 0.312787, 0.30278175, 0.2950125, 0.30599725, 0.31189075, 0.30430275, 0.30061, 0.31297275, 0.3145495, 0.322337, 0.322465, 0.311139, 0.30711, 0.30595875, 0.30336925, 0.306664, 0.31370025, 0.31311225, 0.30689825, 0.3183615],