{"elapsed_time": {"unit": "millisecond", "batch_sizes": [1, 2, 3, 4, 5, 6, 7, 8, 9, 10, 11, 12, 13, 14, 15, 16, 17, 18, 19, 20, 21, 22, 23, 24, 25, 26, 27, 28, 29, 30, 31, 32, 33, 34, 35, 36, 37, 38, 39, 40, 41, 42, 43, 44, 45, 46, 47, 48, 49, 50, 51, 52, 53, 54, 55, 56, 57, 58, 59, 60, 61, 62, 63, 64, 65, 66, 67, 68, 69, 70, 71, 72, 73, 74, 75, 76, 77, 78, 79, 80, 81, 82, 83, 84, 85, 86, 87, 88, 89, 90, 91, 92, 93, 94, 95, 96, 97, 98, 99, 100, 101, 102, 103, 104, 105, 106, 107, 108, 109, 110, 111, 112, 113, 114, 115, 116, 117, 118, 119, 120, 121, 122, 123, 124, 125, 126, 127, 128, 129, 130, 131, 132, 133, 134, 135, 136, 137, 138, 139, 140, 141, 142, 143, 144, 145, 146, 147, 148, 149, 150, 151, 152, 153, 154, 155, 156, 157, 158, 159, 160, 161, 162, 163, 164, 165, 166, 167, 168, 169, 170, 171, 172, 173, 174, 175, 176, 177, 178, 179, 180, 181, 182, 183, 184, 185, 186, 187, 188, 189, 190, 191, 192, 193, 194, 195, 196, 197, 198, 199, 200, 201, 202, 203, 204, 205, 206, 207, 208, 209, 210, 211, 212, 213, 214, 215, 216, 217, 218, 219, 220, 221, 222, 223, 224, 225, 226, 227, 228, 229, 230, 231, 232, 233, 234, 235, 236, 237, 238, 239, 240, 241, 242, 243, 244, 245, 246, 247, 248, 249, 250, 251, 252, 253, 254, 255, 256], "forward": [13.065618, 15.803182, 16.092037, 14.024056, 15.080738, 14.874141, 20.079858, 16.216187, 17.406206, 16.671503, 17.402684, 17.528585, 16.822977, 15.832748, 15.063233, 14.969272, 17.86925, 16.89014, 17.092477, 16.966017, 17.547895, 14.576199, 13.712145, 13.83171, 13.860809, 13.562705, 13.753881, 13.44897, 13.564143, 13.618324, 13.399606, 13.395851, 13.544987, 14.587911, 14.645493, 14.395876, 14.276082, 14.385733, 14.483823, 14.780527, 14.70257, 14.77685, 14.817334, 14.788108, 14.809398, 14.496954, 14.562569, 14.515434, 14.567946, 14.499182, 14.291949, 14.969664, 12.256987, 10.248196, 10.351716, 10.153943, 10.308019, 10.126436, 10.49768, 10.192135, 10.435865, 10.288379, 10.356425, 10.252117, 10.318552, 10.279185, 10.273685, 10.177792, 10.190246, 10.383466, 10.173162, 10.067486, 10.275347, 10.021765, 10.408416, 10.409979, 10.219024, 10.227332, 10.168122, 10.211336, 10.094494, 10.127191, 10.563608, 10.528959, 10.555164, 10.908691, 10.464665, 10.552006, 10.570889, 10.693601, 10.647234, 10.700961, 10.664127, 10.821132, 10.672754, 10.886402, 10.463137, 10.620668, 21.28492, 15.067631, 11.80718, 12.099383, 12.092484, 12.231232, 12.689076, 12.528276, 12.337208, 11.779177, 12.165572, 12.418206, 11.920211, 16.324215, 12.502895, 12.316071, 12.131496, 12.816593, 12.258882, 12.630707, 12.09439, 12.025343, 12.054569, 12.48357, 12.327676, 12.226827, 12.151086, 12.302109, 12.223927, 11.991754, 12.55828, 12.25885, 12.222311, 20.24214, 10.545917, 10.569305, 11.150725, 10.770357, 10.613017, 10.487359, 10.563693, 10.655096, 10.555594, 10.561702, 10.544526, 10.636508, 10.857551, 10.588586, 11.440183, 11.011458, 11.029848, 10.872121, 10.799658, 11.11607, 10.68674, 10.560454, 10.708245, 10.628921, 10.6667, 10.591742, 10.901234, 10.755201, 10.555629, 10.525637, 10.864111, 10.501233, 10.575189, 10.718314, 10.947997, 10.823131, 10.641847, 10.496393, 10.779932, 10.6365, 10.673694, 10.598806, 10.686947, 10.599777, 10.563324, 10.83127, 10.462051, 10.608511, 10.571214, 10.405983, 19.087682, 10.49886, 10.545279, 10.503962, 10.602139, 10.532698, 10.98195, 10.661099, 10.646252, 10.506379, 10.681178, 10.518214, 10.521576, 10.481923, 10.477146, 10.534988, 10.311807, 10.50555, 10.482138, 10.528688, 10.380792, 10.570081, 10.44627, 10.330146, 10.131564, 10.144389, 10.372812, 10.230405, 10.161432, 10.308252, 10.175003, 10.153676, 10.394033, 10.235655, 10.387973, 10.452606, 10.251411, 10.23855, 10.322073, 10.233096, 21.420843, 10.557711, 10.646292, 10.088911, 10.208274, 10.165084, 10.196019, 10.461512, 10.420137, 10.207173, 10.320215, 10.32819, 10.198759, 10.203352, 10.286495, 10.451471, 10.368295, 10.154424, 10.266035, 10.505353, 19.434007, 10.351996, 10.397658, 12.808996, 10.608157, 10.365296, 10.323883, 10.460126, 10.426008, 10.354495, 10.922824, 10.419694, 10.419305, 10.34345], "loss_calculation": [0.217152, 0.229999, 0.21786, 0.215368, 0.233405, 0.245084, 0.261984, 0.237775, 0.253916, 0.254186, 0.269035, 0.266732, 0.277127, 0.284124, 0.290346, 0.29289, 0.291665, 0.289971, 0.303725, 0.315593, 0.339916, 0.315586, 0.30875, 0.327748, 0.319053, 0.310545, 0.31628, 0.308787, 0.312209, 0.313943, 0.330103, 0.305334, 0.30558, 0.331659, 0.329336, 0.326878, 0.305115, 0.299426, 0.30667, 0.306589, 0.317537, 0.318441, 0.313493, 0.311615, 0.32555, 0.31498, 0.319107, 0.314968, 0.315416, 0.316834, 0.319347, 0.326569, 0.279278, 0.235657, 0.259098, 0.230876, 0.24662, 0.239662, 0.266672, 0.26617, 0.234059, 0.236501, 0.241517, 0.243105, 0.239929, 0.243197, 0.241842, 0.242262, 0.241695, 0.244187, 0.268032, 0.24335, 0.239779, 0.241414, 0.233055, 0.298936, 0.266433, 0.247789, 0.23904, 0.245646, 0.242631, 0.236944, 0.276837, 0.23327, 0.260072, 0.242478, 0.2375, 0.257487, 0.242621, 0.279566, 0.288119, 0.234155, 0.256185, 0.23523, 0.241552, 0.23694, 0.238539, 0.246681, 0.30154, 0.287846, 0.24965, 0.25541, 0.288815, 0.243554, 0.259087, 0.245237, 0.248095, 0.248107, 0.246661, 0.265228, 0.249312, 0.249066, 0.313691, 0.247937, 0.248621, 0.247142, 0.254393, 0.297359, 0.250184, 0.24818, 0.249051, 0.301309, 0.259161, 0.253763, 0.306372, 0.2526, 0.363582, 0.249712, 0.264242, 0.244809, 0.250324, 0.274795, 0.273436, 0.232165, 0.255562, 0.241131, 0.237321, 0.273842, 0.239831, 0.239905, 0.237829, 0.236337, 0.241815, 0.286513, 0.239181, 0.235879, 0.306078, 0.244007, 0.283754, 0.262976, 0.240793, 0.244666, 0.236303, 0.2468, 0.254256, 0.244375, 0.241595, 0.248893, 0.228366, 0.247088, 0.27908, 0.243319, 0.259803, 0.246101, 0.240686, 0.245434, 0.267775, 0.287431, 0.238614, 0.24125, 0.243348, 0.23831, 0.267404, 0.269979, 0.25399, 0.250459, 0.242901, 0.241504, 0.244402, 0.3071, 0.246053, 0.243925, 0.28565, 0.243793, 0.256213, 0.243991, 0.245717, 0.24501, 0.296297, 0.265785, 0.274166, 0.235505, 0.240368, 0.245749, 0.242601, 0.249017, 0.244832, 0.243629, 0.249174, 0.246617, 0.247843, 0.256514, 0.246735, 0.254633, 0.296035, 0.24835, 0.251424, 0.296993, 0.287053, 0.247581, 0.249535, 0.248828, 0.253256, 0.245204, 0.248034, 0.245542, 0.246429, 0.246206, 0.247943, 0.246112, 0.261443, 0.247282, 0.315105, 0.259509, 0.253862, 0.244001, 0.251349, 0.246632, 0.252426, 0.286106, 0.248137, 0.25007, 0.25255, 0.244196, 0.244208, 0.246985, 0.249488, 0.246072, 0.255746, 0.247504, 0.250789, 0.268795, 0.290027, 0.284908, 0.250519, 0.365475, 0.286488, 0.247493, 0.250455, 0.25464, 0.250331, 0.254752, 0.285834, 0.260426, 0.285142, 0.251494],